"property 1.text","property 2.text"
"10% Off","10% Off"
"X6 8GB 10000+ jeux 4.3 pouces haute définition rétro console de jeu vidéo portable lecteur de jeu pour GBA NES GBC GB SFC MD","X6 8GB 10000+ jeux 4.3 pouces haute définition rétro console de jeu vidéo portable lecteur de jeu pour GBA NES GBC GB SFC MD"
"282 commentaires",""
"ANBERNIC RG351MP 80GB 7000 jeux Console de jeu portable rétro RK3326 Système Linux à 1,5 GHz pour PSP NDS PS1 N64 MD openbor Game Player Wifi Sparring en ligne","ANBERNIC RG351MP 80GB 7000 jeux Console de jeu portable rétro RK3326 Système Linux à 1,5 GHz pour PSP NDS PS1 N64 MD openbor Game Player Wifi Sparring en ligne"
"17 commentaires",""
"29% Off","29% Off"
"ANBERNIC RG351V 48GB 5000 Jeux Console de jeu portable pour PSP PS1 NDS N64 MD PCE RK3326 Open Source Wifi Vibration Retro Video Game Player 3,5 pouces IPS Affichage","ANBERNIC RG351V 48GB 5000 Jeux Console de jeu portable pour PSP PS1 NDS N64 MD PCE RK3326 Open Source Wifi Vibration Retro Video Game Player 3,5 pouces IPS Affichage"
"19 commentaires",""
"31% Off","31% Off"
"ANBERNIC RG351V 80GB 7000 Jeux Console de jeu portable pour PSP PS1 NDS N64 MD PCE RK3326 Open Source Wifi Vibration Retro Video Game Player 3,5 pouces IPS Affichage","ANBERNIC RG351V 80GB 7000 Jeux Console de jeu portable pour PSP PS1 NDS N64 MD PCE RK3326 Open Source Wifi Vibration Retro Video Game Player 3,5 pouces IPS Affichage"
"93 commentaires",""
"23% Off","23% Off"
"ANBERNIC RG351V 16GB Console de jeu portable pour PSP PS1 NDS N64 MD PCE RK3326 Lecteur de jeu vidéo rétro Open Source 3,5 pouces IPS Affichage","ANBERNIC RG351V 16GB Console de jeu portable pour PSP PS1 NDS N64 MD PCE RK3326 Lecteur de jeu vidéo rétro Open Source 3,5 pouces IPS Affichage"
"27 commentaires",""
"27% Off","27% Off"
"ANBERNIC RG351P 128 Go 10000 jeux IPS HD Support de console de jeu portable pour PSP PS1 N64 GBA GBC MD NEOGEO FC Games Player 64Bit RK3326 Système Linux OCA Écran complet","ANBERNIC RG351P 128 Go 10000 jeux IPS HD Support de console de jeu portable pour PSP PS1 N64 GBA GBC MD NEOGEO FC Games Player 64Bit RK3326 Système Linux OCA Écran complet"
"76 commentaires",""
"18% Off","18% Off"
"Super Console X Pro Console de jeu TV sans fil Amlogic S905X 64GB 128 Go 50000+ Jeux Player TV Box 4K HD pour PSP PS1 N64 NES Atatri GB Support APP Télécharger","Super Console X Pro Console de jeu TV sans fil Amlogic S905X 64GB 128 Go 50000+ Jeux Player TV Box 4K HD pour PSP PS1 N64 NES Atatri GB Support APP Télécharger"
"189 commentaires",""
"ANBERNIC RG351MP 48GB 5000 Jeux Console de jeu portable rétro RK3326 Système Linux à 1,5 GHz pour PSP NDS PS1 N64 MD openbor Game Player Wifi Sparring en ligne","ANBERNIC RG351MP 48GB 5000 Jeux Console de jeu portable rétro RK3326 Système Linux à 1,5 GHz pour PSP NDS PS1 N64 MD openbor Game Player Wifi Sparring en ligne"
"5 commentaires",""
"24% Off","24% Off"
"ANBERNIC RG351M 128GB 7000 jeux Console de jeu vidéo portable pour PSP PS1 NDS N64 lecteur MD RK3326 1.5 GHz système Linux 3.5 pouces OCA Full Fit IPS écran","ANBERNIC RG351M 128GB 7000 jeux Console de jeu vidéo portable pour PSP PS1 NDS N64 lecteur MD RK3326 1.5 GHz système Linux 3.5 pouces OCA Full Fit IPS écran"
"96 commentaires",""
"7% Off","7% Off"
"Powkiddy RGB10 Max 2 64GB 12000 jeux Console de jeu portable RK3266 Linux EmuELCC 4.3 System 5.0 pouces IPS HD Retro Game Player pour PSP PS N64 MAME NES SNES","Powkiddy RGB10 Max 2 64GB 12000 jeux Console de jeu portable RK3266 Linux EmuELCC 4.3 System 5.0 pouces IPS HD Retro Game Player pour PSP PS N64 MAME NES SNES"
"0 commentaire",""
"ANBERNIC RG351MP 144GB 15000 jeux Console de jeu portable rétro RK3326 Système Linux à 1,5 GHz pour PSP NDS PS1 N64 MD openbor Game Player Wifi Sparring en ligne","ANBERNIC RG351MP 144GB 15000 jeux Console de jeu portable rétro RK3326 Système Linux à 1,5 GHz pour PSP NDS PS1 N64 MD openbor Game Player Wifi Sparring en ligne"
"26 commentaires",""
"24% Off","24% Off"
"X12 PLUS 7 pouces IPS écran 16GB intégré 1000 + Classic jeux rétro console de jeu portable support lecteur vidéo","X12 PLUS 7 pouces IPS écran 16GB intégré 1000 + Classic jeux rétro console de jeu portable support lecteur vidéo"
"71 commentaires",""
"7% Off","7% Off"
"GPD XP Media Tek G95 Octa Core 6 Go RAM 128 Go ROM Android 11 OS Tablette Console de jeu portable bluetooth 5.0 5G Wifi pour PUBG COD FPS","GPD XP Media Tek G95 Octa Core 6 Go RAM 128 Go ROM Android 11 OS Tablette Console de jeu portable bluetooth 5.0 5G Wifi pour PUBG COD FPS"
"7 commentaires",""
"9% Off","9% Off"
"Console de jeu portable Powkiddy X18S Android 11.0 OS 4GB RAM 64GB ROM bluetooth 5.0 5G Wifi 5 pouces IPS écran tactile T618 Chip Game Player Tablet","Console de jeu portable Powkiddy X18S Android 11.0 OS 4GB RAM 64GB ROM bluetooth 5.0 5G Wifi 5 pouces IPS écran tactile T618 Chip Game Player Tablet"
"0 commentaire",""
"34% Off","34% Off"
"BlitzWolf® BW-PCM8 14 pouces tactile UHD 4K Type C Moniteur d'ordinateur portable Écran d'affichage de jeu pour Smartphone Tablette Consoles de jeu pour ordinateur portable","BlitzWolf® BW-PCM8 14 pouces tactile UHD 4K Type C Moniteur d'ordinateur portable Écran d'affichage de jeu pour Smartphone Tablette Consoles de jeu pour ordinateur portable"
"41 commentaires",""
"29% Off","29% Off"
"BlitzWolf® BW-PCM2 13.3 pouces FHD 1080P Type C Écran d'affichage de jeu pour moniteur d'ordinateur portable pour tablette smartphone Consoles de jeu pour ordinateur portable","BlitzWolf® BW-PCM2 13.3 pouces FHD 1080P Type C Écran d'affichage de jeu pour moniteur d'ordinateur portable pour tablette smartphone Consoles de jeu pour ordinateur portable"
"218 commentaires",""
"21% Off","21% Off"
"PandoraBox 9 3399 Jeux Contrôleur de jeu d'arcade 3D 720P HD Fightstick Rocker Joystick Console rétro HDMI Sortie USB VGA TV PC","PandoraBox 9 3399 Jeux Contrôleur de jeu d'arcade 3D 720P HD Fightstick Rocker Joystick Console rétro HDMI Sortie USB VGA TV PC"
"36 commentaires",""
"28% Off","28% Off"
"ANBERNIC RG351P 64GB 2500 jeux IPS HD Prise en charge de la console de jeu portable pour PSP PS1 N64 GBA GBC MD NEOGEO FC Games Player 64Bit RK3326 Système Linux OCA Écran complet","ANBERNIC RG351P 64GB 2500 jeux IPS HD Prise en charge de la console de jeu portable pour PSP PS1 N64 GBA GBC MD NEOGEO FC Games Player 64Bit RK3326 Système Linux OCA Écran complet"
"401 commentaires",""
"5% Off","5% Off"
"ANBERNIC RG552 128GB 15000+ jeux LPDDR4 4GB RAM Android 7.1 Linux WiFi en ligne rétro console de jeux vidéo portable pour PSP PS1 WII NGC NDS N64 DC 5.36 pouces IPS écran","ANBERNIC RG552 128GB 15000+ jeux LPDDR4 4GB RAM Android 7.1 Linux WiFi en ligne rétro console de jeux vidéo portable pour PSP PS1 WII NGC NDS N64 DC 5.36 pouces IPS écran"
"0 commentaire",""
"27% Off","27% Off"
"ANBERNIC RG350M 3.5 pouces IPS écran 64Bit DDR2 512M 16GB 3000+ jeux rétro console de jeu vidéo portable pour PS1 GBA FC MD","ANBERNIC RG350M 3.5 pouces IPS écran 64Bit DDR2 512M 16GB 3000+ jeux rétro console de jeu vidéo portable pour PS1 GBA FC MD"
"150 commentaires",""
"32% Off","32% Off"
"BlitzWolf® BW-PCM7 15,6 pouces tactile FHD 1080P Type C Moniteur d'ordinateur portable Écran d'affichage de jeu pour Smartphone Tablette Consoles de jeu pour ordinateur portable","BlitzWolf® BW-PCM7 15,6 pouces tactile FHD 1080P Type C Moniteur d'ordinateur portable Écran d'affichage de jeu pour Smartphone Tablette Consoles de jeu pour ordinateur portable"
"3 commentaires",""
"Console de jeu vidéo rétro Powkiddy RGB10 Max 2 RK3266 Linux EmuELCC 4.3 système 5,0 pouces IPS HD lecteur de jeu pour PSP PS N64 MAME NES SNES","Console de jeu vidéo rétro Powkiddy RGB10 Max 2 RK3266 Linux EmuELCC 4.3 système 5,0 pouces IPS HD lecteur de jeu pour PSP PS N64 MAME NES SNES"
"0 commentaire",""
"29% Off","29% Off"
"ANBERNIC S-100 64GB 10000 Games 3.0 pouces IPS HD Support d'écran pour console de jeu portable PS1 CPS NEOGEO SFC MD Sortie TV","ANBERNIC S-100 64GB 10000 Games 3.0 pouces IPS HD Support d'écran pour console de jeu portable PS1 CPS NEOGEO SFC MD Sortie TV"
"58 commentaires",""
"23% Off","23% Off"
"BlitzWolf® BW-PCM3 15.6 pouces Toucher FHD 1080P Type C Ecran de jeu pour moniteur d'ordinateur portable, tablette de téléphone portable Consoles de jeu pour ordinateur portable","BlitzWolf® BW-PCM3 15.6 pouces Toucher FHD 1080P Type C Ecran de jeu pour moniteur d'ordinateur portable, tablette de téléphone portable Consoles de jeu pour ordinateur portable"
"382 commentaires",""
"27% Off","27% Off"
"POWKIDDY RGB10 MAX RK3326 64G 10000+ Console de jeux Wifi bluetooth 5.0 pouces IPS HD Écran Vidéo Rétro Joueur De Jeu Portable PS1 N64 CP3 NES 4200mAh Batterie","POWKIDDY RGB10 MAX RK3326 64G 10000+ Console de jeux Wifi bluetooth 5.0 pouces IPS HD Écran Vidéo Rétro Joueur De Jeu Portable PS1 N64 CP3 NES 4200mAh Batterie"
"22 commentaires",""
"23% Off","23% Off"
"PS7000 32GB 64GB 10000 jeux 128 bits 7 pouces HD Console de jeu portable rétro prise en charge PS NEOGEO N64 SFC GBA MD Joueur de jeu d'arcade avec manette filaire","PS7000 32GB 64GB 10000 jeux 128 bits 7 pouces HD Console de jeu portable rétro prise en charge PS NEOGEO N64 SFC GBA MD Joueur de jeu d'arcade avec manette filaire"
"26 commentaires",""
"24% Off","24% Off"
"ANBERNIC RG351M 64GB 3000 jeux Console de jeu vidéo portable pour PSP PS1 NDS N64 lecteur MD Wifi en ligne RK3326 1,5 GHz système Linux 3,5 pouces OCA Full Fit IPS écran","ANBERNIC RG351M 64GB 3000 jeux Console de jeu vidéo portable pour PSP PS1 NDS N64 lecteur MD Wifi en ligne RK3326 1,5 GHz système Linux 3,5 pouces OCA Full Fit IPS écran"
"96 commentaires",""
"14% Off","14% Off"
"Powkiddy Q20 Mini 16G 32G 64G 5000 jeux Console de jeu portable rétro pour PS1 NES SFC MD 2,4 pouces IPS affichage Linux System Game Player","Powkiddy Q20 Mini 16G 32G 64G 5000 jeux Console de jeu portable rétro pour PS1 NES SFC MD 2,4 pouces IPS affichage Linux System Game Player"
"4 commentaires",""
"12% Off","12% Off"
"ANBERNIC RG280V 16GB 15000 jeux Console de jeu rétro avec carte 64GB TF PS1 CPS1 GBA MD Mini lecteur de jeu portable 2,8 pouces IPS HD écran","ANBERNIC RG280V 16GB 15000 jeux Console de jeu rétro avec carte 64GB TF PS1 CPS1 GBA MD Mini lecteur de jeu portable 2,8 pouces IPS HD écran"
"8 commentaires",""
"14% Off","14% Off"
"Carte mémoire MicroDrive TF Carte Micro SD haute vitesse Class10 8 Go 16GB 32GB 64GB 128 Go 256 Go avec adaptateur SD pour téléphone portable pour console de jeu PSP Drone caméra MP3","Carte mémoire MicroDrive TF Carte Micro SD haute vitesse Class10 8 Go 16GB 32GB 64GB 128 Go 256 Go avec adaptateur SD pour téléphone portable pour console de jeu PSP Drone caméra MP3"
"13 commentaires",""
"34% Off","34% Off"
"BlitzWolf® BW-PCM4 Écran d'affichage de jeu pour moniteur d'ordinateur portable de 15,6 pouces UHD 4K Type C pour Smartphone Tablette Consoles de jeu pour ordinateur portable","BlitzWolf® BW-PCM4 Écran d'affichage de jeu pour moniteur d'ordinateur portable de 15,6 pouces UHD 4K Type C pour Smartphone Tablette Consoles de jeu pour ordinateur portable"
"66 commentaires",""
"10% Off","10% Off"
"ANBERNIC RG280V 16GB 7000 Jeux Console de jeu rétro avec carte 16GB TF PS1 CPS1 GBA MD Mini lecteur de jeu portable 2,8 pouces IPS HD Écran","ANBERNIC RG280V 16GB 7000 Jeux Console de jeu rétro avec carte 16GB TF PS1 CPS1 GBA MD Mini lecteur de jeu portable 2,8 pouces IPS HD Écran"
"67 commentaires",""
"11% Off","11% Off"
"Super Console X-Max Emuelec4.2 Amlogic S905X3 4 Go RAM Android TV 9.0 256 Go 50000 Jeux TV Box Console de jeu 4K UHD 5G Wifi Bluetooth Retro Player pour SS PS1 N64 SNES","Super Console X-Max Emuelec4.2 Amlogic S905X3 4 Go RAM Android TV 9.0 256 Go 50000 Jeux TV Box Console de jeu 4K UHD 5G Wifi Bluetooth Retro Player pour SS PS1 N64 SNES"
"10 commentaires",""
"24% Off","24% Off"
"POWKIDDY RGB10 MAX RK3326 128GB 20000 Console de jeux Wifi bluetooth 5.0 pouces IPS HD Écran Vidéo Rétro Joueur De Jeu Portable PS1 N64 CP3 NES 4200mAh Batterie","POWKIDDY RGB10 MAX RK3326 128GB 20000 Console de jeux Wifi bluetooth 5.0 pouces IPS HD Écran Vidéo Rétro Joueur De Jeu Portable PS1 N64 CP3 NES 4200mAh Batterie"
"34 commentaires",""
"11% Off","11% Off"
"[Nouvelle mise à niveau] T-BAO T16A 15 pouces 1080P 100% gamme de couleurs Type C Écran d'affichage de jeu pour moniteur d'ordinateur portable pour Smartphone Tablette Consoles de jeu pour ordinateur portable","[Nouvelle mise à niveau] T-BAO T16A 15 pouces 1080P 100% gamme de couleurs Type C Écran d'affichage de jeu pour moniteur d'ordinateur portable pour Smartphone Tablette Consoles de jeu pour ordinateur portable"
"78 commentaires",""
"16% Off","16% Off"
"POWKIDDY RGB20 RK3326 64GB 128 Go 256 Go 8000 Jeux 3,5 pouces IPS Écran Full Fit Wifi Bluetooth Jeu en ligne Console de jeu portable MAME N64 PS NEOGEO GBA NES SFC MD Game Player","POWKIDDY RGB20 RK3326 64GB 128 Go 256 Go 8000 Jeux 3,5 pouces IPS Écran Full Fit Wifi Bluetooth Jeu en ligne Console de jeu portable MAME N64 PS NEOGEO GBA NES SFC MD Game Player"
"22 commentaires",""
"6% Off","6% Off"
"ANBERNIC RG552 RK3399 Hexa Core 1,8 GHz LPDDR4 4 Go RAM 64GB ROM Android 7.1 Linux Retro Console de jeu vidéo portable WiFi Tablette en ligne pour PSP PS1 WII NGC NDS N64 DC 5,36 pouces IPS Écran","ANBERNIC RG552 RK3399 Hexa Core 1,8 GHz LPDDR4 4 Go RAM 64GB ROM Android 7.1 Linux Retro Console de jeu vidéo portable WiFi Tablette en ligne pour PSP PS1 WII NGC NDS N64 DC 5,36 pouces IPS Écran"
"0 commentaire",""
"18% Off","18% Off"
"ANBERNIC RG280V 16GB 23000 Jeux Console de jeu rétro avec carte TF de 128 Go PS1 CPS1 GBA MD Mini lecteur de jeu portable 2,8 pouces IPS HD Écran","ANBERNIC RG280V 16GB 23000 Jeux Console de jeu rétro avec carte TF de 128 Go PS1 CPS1 GBA MD Mini lecteur de jeu portable 2,8 pouces IPS HD Écran"
"14 commentaires",""
"23% Off","23% Off"
"Powkiddy B-01 64GB 128 Go 40000 Jeux Console de jeux TV rétro 2.4G Wifi Android 7.1 TV Box pour PS1 N64 ATARI MD FC Classic Jeux Support de lecteur Télécharger des jeux GameBox","Powkiddy B-01 64GB 128 Go 40000 Jeux Console de jeux TV rétro 2.4G Wifi Android 7.1 TV Box pour PS1 N64 ATARI MD FC Classic Jeux Support de lecteur Télécharger des jeux GameBox"
"27 commentaires",""
"X40 Pro 16G 5000 Jeux Console de jeu portable rétro 7 pouces HD Retro Classic Lecteur de jeu à double manette d'arcade pour PS1 MAME GBA GB NES SMD","X40 Pro 16G 5000 Jeux Console de jeu portable rétro 7 pouces HD Retro Classic Lecteur de jeu à double manette d'arcade pour PS1 MAME GBA GB NES SMD"
"0 commentaire",""
"X20 5.1 pouces HD 16GB 128 bits 10000 jeux Console de jeu vidéo portable pour PS1 SMD GBA NES FC SFC NEOGEO Game Player","X20 5.1 pouces HD 16GB 128 bits 10000 jeux Console de jeu vidéo portable pour PS1 SMD GBA NES FC SFC NEOGEO Game Player"
"2 commentaires",""
"40% Off","40% Off"
"Console de jeu vidéo rétro G620 intégrée Classic 620 jeux 3 pouces LCD Support d'écran GBA GBC MAME MA NES SFC","Console de jeu vidéo rétro G620 intégrée Classic 620 jeux 3 pouces LCD Support d'écran GBA GBC MAME MA NES SFC"
"0 commentaire",""
"35% Off","35% Off"
"Console de jeux vidéo Arcade Box PS1 DC Naomi 64GB Classic Retro 33000+ Games Super Console 4K HD Affichage avec manette de jeu Gamepad sur téléviseur Projecteur Moniteur","Console de jeux vidéo Arcade Box PS1 DC Naomi 64GB Classic Retro 33000+ Games Super Console 4K HD Affichage avec manette de jeu Gamepad sur téléviseur Projecteur Moniteur"
"0 commentaire",""
"Super Console X-Max Emuelec4.2 Amlogic S905X3 4 Go RAM 64GB Android TV 9.0 33000 Jeux TV Box Console de jeu 4K UHD 5G Wifi Bluetooth Retro Player pour SS PS1 N64 SNES","Super Console X-Max Emuelec4.2 Amlogic S905X3 4 Go RAM 64GB Android TV 9.0 33000 Jeux TV Box Console de jeu 4K UHD 5G Wifi Bluetooth Retro Player pour SS PS1 N64 SNES"
"1 commentaire",""
"37% Off","37% Off"
"X9 Plus 5.1 pouces HD LCD écran 16GB 128Bit 10000 jeux Console de jeu vidéo portable Double Rocker MP5 pour GBA NES","X9 Plus 5.1 pouces HD LCD écran 16GB 128Bit 10000 jeux Console de jeu vidéo portable Double Rocker MP5 pour GBA NES"
"127 commentaires",""
"X7M 500 jeux rétro console de jeux vidéo portable mini lecteur de jeux d'arcade portable","X7M 500 jeux rétro console de jeux vidéo portable mini lecteur de jeux d'arcade portable"
"0 commentaire",""
"38% Off","38% Off"
"M8 Plus Console de jeu vidéo TV quadricœur HD 10000+ jeux PS jeu rétro avec contrôleur de jeu pour PS1 FC SFC GBA GBC MAME","M8 Plus Console de jeu vidéo TV quadricœur HD 10000+ jeux PS jeu rétro avec contrôleur de jeu pour PS1 FC SFC GBA GBC MAME"
"5 commentaires",""
"5% Off","5% Off"
"ANBERNIC RG552 64GB 7000+ jeux LPDDR4 4GB RAM Android 7.1 Linux WiFi en ligne rétro console de jeux vidéo portable pour PSP PS1 WII NGC NDS N64 DC 5,36 pouces IPS écran","ANBERNIC RG552 64GB 7000+ jeux LPDDR4 4GB RAM Android 7.1 Linux WiFi en ligne rétro console de jeux vidéo portable pour PSP PS1 WII NGC NDS N64 DC 5,36 pouces IPS écran"
"0 commentaire",""
"23% Off","23% Off"
"Super Console X5 Amlogic S905 Octa Core 2.0GHz 64GB 9000+ Jeux 1080P HD Console de jeu TV rétro pour PSP PS1 pour LYNX NEOGEO ATARI MAME TV Box avec manettes de jeu sans fil","Super Console X5 Amlogic S905 Octa Core 2.0GHz 64GB 9000+ Jeux 1080P HD Console de jeu TV rétro pour PSP PS1 pour LYNX NEOGEO ATARI MAME TV Box avec manettes de jeu sans fil"
"2 commentaires",""
"6% Off","6% Off"
"2.5 pouces 2 To HDD Disque Dur Externe 63000+ Jeux pour PSP PS2 PS3 PS1 Sega Saturn Wii DC Wiiu Pour PC Ordinateur Portable Super Console X PC","2.5 pouces 2 To HDD Disque Dur Externe 63000+ Jeux pour PSP PS2 PS3 PS1 Sega Saturn Wii DC Wiiu Pour PC Ordinateur Portable Super Console X PC"
"3 commentaires",""
"54% Off","54% Off"
"PandoraBox 3D 4018 Jeux Console de jeu d'arcade 14 pouces IPS 1080P HD Support d'affichage Wifi Sortie TV Rétro Arcade Fight Stick Rocker Controller","PandoraBox 3D 4018 Jeux Console de jeu d'arcade 14 pouces IPS 1080P HD Support d'affichage Wifi Sortie TV Rétro Arcade Fight Stick Rocker Controller"
"8 commentaires",""
"22% Off","22% Off"
"ANBERNIC S-100 16GB 2500+ Jeux 3.0 pouces IPS HD Support de console de jeu portable PS1 CPS NEOGEO SFC MD Sortie TV","ANBERNIC S-100 16GB 2500+ Jeux 3.0 pouces IPS HD Support de console de jeu portable PS1 CPS NEOGEO SFC MD Sortie TV"
"107 commentaires",""
"20% Off","20% Off"
"DATA FROG 16 bits intégré 156 Classic jeux rétro mini console de jeu d'arcade portable prise en charge du lecteur de jeu sortie AV","DATA FROG 16 bits intégré 156 Classic jeux rétro mini console de jeu d'arcade portable prise en charge du lecteur de jeu sortie AV"
"5 commentaires",""
"23% Off","23% Off"
"ANBERNIC RG351V 144GB 15000 jeux Console de jeu portable pour PSP PS1 NDS N64 MD PCE RK3326 Open Source Wifi Vibration rétro lecteur de jeu vidéo 3,5 pouces IPS affichage","ANBERNIC RG351V 144GB 15000 jeux Console de jeu portable pour PSP PS1 NDS N64 MD PCE RK3326 Open Source Wifi Vibration rétro lecteur de jeu vidéo 3,5 pouces IPS affichage"
"21 commentaires",""
"21% Off","21% Off"
"ANBERNIC RG350P 16GB 6000 Jeux Console de jeux vidéo avec 32GB Carte mémoire 3,5 pouces IPS HD Écran trempé oléophobe 64 bits DDR2 512M Retro Handheld Video Game Player pour PS1 GBA SFC MD","ANBERNIC RG350P 16GB 6000 Jeux Console de jeux vidéo avec 32GB Carte mémoire 3,5 pouces IPS HD Écran trempé oléophobe 64 bits DDR2 512M Retro Handheld Video Game Player pour PS1 GBA SFC MD"
"48 commentaires",""
"D20 8Bit 500 jeux console de jeu portable rétro mini joueurs de jeu","D20 8Bit 500 jeux console de jeu portable rétro mini joueurs de jeu"
"0 commentaire",""
"10% Off","10% Off"
"RG280V RGB20 Console de jeu Boîte de rangement pour sac de rangement pour lecteur de jeu Anbernic RG280V","RG280V RGB20 Console de jeu Boîte de rangement pour sac de rangement pour lecteur de jeu Anbernic RG280V"
"2 commentaires",""
"9% Off","9% Off"
"ANBERNIC RG300X 48GB 7000 Jeux Console de jeu portable rétro 3,0 pouces IPS HD Affichage pour PS1 CPS FBA NEOGEO FC MD SMS 4770 Lecteur système Open Source","ANBERNIC RG300X 48GB 7000 Jeux Console de jeu portable rétro 3,0 pouces IPS HD Affichage pour PS1 CPS FBA NEOGEO FC MD SMS 4770 Lecteur système Open Source"
"6 commentaires",""
"15% Off","15% Off"
"Pawky Box Amlogic A905 Android TV Box 256GB 50000 Jeux Wifi TV Console de jeu pour PSP PS1 N64 DC Gams Retro Player H.264 HD Sortie","Pawky Box Amlogic A905 Android TV Box 256GB 50000 Jeux Wifi TV Console de jeu pour PSP PS1 N64 DC Gams Retro Player H.264 HD Sortie"
"6 commentaires",""
"K8 intégré 500 jeux 3 pouces LCD écran rétro console de jeu vidéo de poche lecteur de jeu de poche prise en charge sortie AV","K8 intégré 500 jeux 3 pouces LCD écran rétro console de jeu vidéo de poche lecteur de jeu de poche prise en charge sortie AV"
"0 commentaire",""
"2",""
"3",""
"4",""
"7",""